image_path,coordinate_list
./coordinate_output/306.png,"[(325, 339, 543, 496), (202, 259, 350, 425)]"
./coordinate_output/519.png,"[(567, 568, 600, 600), (132, 272, 191, 372)]"
./coordinate_output/217.png,"[(279, 226, 590, 402)]"
./coordinate_output/199.png,"[(279, 435, 382, 510), (142, 95, 479, 285)]"
./coordinate_output/119.png,"[(248, 255, 371, 356)]"
./coordinate_output/459.png,"[(215, 295, 295, 380)]"
./coordinate_output/486.png,"[(404, 243, 518, 341), (53, 154, 388, 383), (319, 94, 350, 125)]"
./coordinate_output/300.png,"[(189, 155, 410, 368)]"
./coordinate_output/432.png,"[(294, 225, 532, 404)]"
./coordinate_output/343.png,"[(279, 275, 391, 342), (83, 259, 124, 304)]"
./coordinate_output/529.png,"[(568, 569, 600, 600), (155, 261, 195, 306)]"
./coordinate_output/548.png,"[(0, 0, 600, 600)]"
./coordinate_output/27.png,"[(74, 248, 137, 307)]"
./coordinate_output/25.png,"[(63, 279, 144, 345)]"
./coordinate_output/93.png,"[(210, 410, 321, 514), (361, 256, 589, 377), (61, 139, 347, 277), (171, 72, 224, 118)]"
./coordinate_output/138.png,"[(57, 272, 190, 389), (180, 106, 283, 270)]"
./coordinate_output/453.png,"[(570, 570, 600, 600), (478, 281, 535, 376), (375, 257, 468, 343)]"
./coordinate_output/599.png,"[(114, 219, 159, 289)]"
./coordinate_output/577.png,"[(158, 257, 189, 308)]"
./coordinate_output/223.png,"[(259, 221, 549, 344)]"
./coordinate_output/427.png,"[(0, 0, 600, 600)]"
./coordinate_output/37.png,"[(273, 266, 357, 330)]"
./coordinate_output/311.png,"[(460, 205, 517, 301)]"
./coordinate_output/558.png,"[(0, 0, 600, 600)]"
./coordinate_output/167.png,"[(198, 245, 294, 340), (308, 187, 512, 345)]"
./coordinate_output/555.png,"[(398, 236, 447, 279)]"
./coordinate_output/538.png,"[(0, 0, 600, 600)]"
./coordinate_output/404.png,"[(420, 321, 556, 470), (160, 206, 351, 357)]"
./coordinate_output/20.png,"[(356, 391, 507, 515), (299, 185, 358, 222), (437, 144, 584, 276), (107, 90, 300, 265)]"
./coordinate_output/225.png,"[(480, 268, 589, 434), (170, 157, 285, 259)]"
./coordinate_output/69.png,"[(486, 287, 546, 321), (173, 278, 247, 310)]"
./coordinate_output/559.png,"[(151, 247, 186, 296)]"
./coordinate_output/126.png,"[(264, 284, 308, 344)]"
./coordinate_output/466.png,"[(540, 366, 584, 403), (263, 252, 456, 414), (75, 108, 215, 246)]"
./coordinate_output/270.png,"[(264, 295, 330, 351), (49, 240, 99, 302)]"
./coordinate_output/293.png,"[(162, 372, 233, 447), (453, 257, 558, 368)]"
./coordinate_output/162.png,"[(207, 230, 408, 460)]"
./coordinate_output/435.png,"[(0, 0, 600, 600)]"
./coordinate_output/222.png,"[(151, 258, 390, 454)]"
./coordinate_output/434.png,"[(129, 91, 224, 165)]"
./coordinate_output/224.png,"[(124, 416, 213, 496), (163, 226, 437, 344), (172, 104, 244, 155)]"
./coordinate_output/563.png,"[(0, 0, 600, 600)]"
./coordinate_output/403.png,"[(205, 204, 244, 239)]"
./coordinate_output/352.png,"[(235, 291, 386, 442), (87, 263, 128, 304), (316, 203, 428, 298), (265, 143, 341, 227)]"
./coordinate_output/266.png,"[(465, 250, 561, 329), (243, 187, 311, 224), (158, 140, 228, 205), (338, 99, 448, 334)]"
./coordinate_output/19.png,"[(229, 202, 370, 366)]"
./coordinate_output/445.png,"[(567, 567, 600, 600), (52, 267, 99, 339)]"
./coordinate_output/84.png,"[(513, 334, 587, 416), (297, 229, 431, 374)]"
./coordinate_output/597.png,"[(137, 440, 275, 547), (424, 351, 543, 469), (145, 146, 285, 255)]"
./coordinate_output/511.png,"[(246, 502, 308, 547), (363, 297, 577, 434), (78, 87, 391, 374)]"
./coordinate_output/593.png,"[(0, 0, 600, 600)]"
./coordinate_output/94.png,"[(38, 275, 185, 350), (244, 243, 583, 466)]"
./coordinate_output/576.png,"[(0, 0, 600, 600)]"
./coordinate_output/130.png,"[(178, 161, 391, 421)]"
./coordinate_output/384.png,"[(201, 203, 444, 404)]"
./coordinate_output/158.png,"[(297, 440, 367, 470), (149, 308, 277, 416), (461, 165, 534, 220), (82, 87, 433, 309)]"
./coordinate_output/302.png,"[(288, 430, 325, 469), (405, 265, 499, 349), (373, 120, 480, 225), (57, 74, 317, 320)]"
./coordinate_output/16.png,"[(86, 236, 129, 292)]"
./coordinate_output/146.png,"[(243, 225, 366, 372)]"
./coordinate_output/411.png,"[(470, 285, 507, 318)]"
./coordinate_output/325.png,"[(308, 334, 364, 368), (476, 244, 579, 343), (339, 193, 369, 235)]"
./coordinate_output/71.png,"[(41, 130, 220, 411)]"
./coordinate_output/23.png,"[(161, 382, 444, 532)]"
./coordinate_output/535.png,"[(568, 569, 600, 600), (94, 262, 153, 399)]"
./coordinate_output/83.png,"[(155, 414, 293, 538), (285, 302, 389, 415), (171, 193, 270, 279), (323, 66, 402, 122), (127, 66, 214, 128)]"
./coordinate_output/522.png,"[(418, 300, 455, 333)]"
./coordinate_output/228.png,"[(453, 282, 508, 322)]"
./coordinate_output/449.png,"[(552, 301, 595, 374), (101, 275, 143, 311), (132, 141, 575, 421)]"
./coordinate_output/517.png,"[(568, 569, 600, 600), (415, 275, 498, 368)]"
./coordinate_output/22.png,"[(316, 187, 471, 346)]"
./coordinate_output/204.png,"[(473, 257, 522, 305)]"
./coordinate_output/174.png,"[(291, 282, 533, 439)]"
./coordinate_output/539.png,"[(195, 198, 371, 396)]"
./coordinate_output/238.png,"[(0, 0, 600, 600)]"
./coordinate_output/201.png,"[(272, 278, 329, 345)]"
./coordinate_output/544.png,"[(0, 0, 600, 600)]"
./coordinate_output/80.png,"[(168, 46, 312, 113)]"
./coordinate_output/39.png,"[(59, 239, 101, 293), (245, 187, 374, 342)]"
./coordinate_output/99.png,"[(49, 150, 157, 317)]"
./coordinate_output/584.png,"[(169, 266, 211, 320), (166, 246, 201, 289)]"
./coordinate_output/362.png,"[(213, 413, 430, 559), (192, 207, 279, 283)]"
./coordinate_output/151.png,"[(280, 186, 457, 396), (121, 93, 221, 188), (394, 86, 492, 146)]"
./coordinate_output/3.png,"[(255, 301, 403, 430), (267, 150, 349, 209)]"
./coordinate_output/337.png,"[(465, 423, 511, 465), (226, 375, 296, 430), (146, 153, 311, 245)]"
./coordinate_output/553.png,"[(0, 0, 600, 600)]"
./coordinate_output/450.png,"[(101, 306, 131, 359), (330, 112, 566, 350), (188, 87, 255, 139)]"
./coordinate_output/5.png,"[(0, 0, 600, 600)]"
./coordinate_output/448.png,"[(485, 295, 587, 415)]"
./coordinate_output/66.png,"[(475, 241, 589, 436)]"
./coordinate_output/413.png,"[(447, 293, 558, 414)]"
./coordinate_output/76.png,"[(91, 226, 129, 282), (168, 46, 240, 90)]"
./coordinate_output/113.png,"[(408, 284, 556, 414), (203, 255, 343, 411)]"
./coordinate_output/214.png,"[(216, 80, 510, 333), (108, 72, 330, 215)]"
./coordinate_output/58.png,"[(115, 265, 586, 462), (524, 234, 558, 276)]"
./coordinate_output/536.png,"[(569, 569, 600, 600), (97, 249, 133, 327)]"
./coordinate_output/543.png,"[(36, 407, 78, 478)]"
./coordinate_output/489.png,"[(133, 288, 203, 401)]"
./coordinate_output/414.png,"[(306, 336, 427, 438), (53, 322, 159, 408), (460, 233, 584, 314), (220, 182, 444, 309)]"
./coordinate_output/13.png,"[(281, 261, 393, 362), (64, 241, 117, 326)]"
./coordinate_output/590.png,"[(0, 0, 600, 600)]"
./coordinate_output/294.png,"[(95, 263, 129, 305)]"
./coordinate_output/415.png,"[(466, 240, 557, 339), (251, 217, 403, 375), (398, 54, 472, 122)]"
./coordinate_output/143.png,"[(375, 334, 451, 399), (508, 278, 590, 387), (192, 190, 279, 256), (105, 61, 344, 155)]"
./coordinate_output/412.png,"[(81, 232, 141, 309)]"
./coordinate_output/111.png,"[(100, 146, 458, 476)]"
./coordinate_output/368.png,"[(44, 331, 85, 367), (311, 281, 341, 334), (72, 154, 165, 241)]"
./coordinate_output/96.png,"[(234, 154, 590, 470), (294, 135, 492, 249), (75, 97, 265, 250)]"
./coordinate_output/163.png,"[(232, 220, 285, 294)]"
./coordinate_output/46.png,"[(97, 308, 310, 470), (327, 192, 590, 360), (315, 102, 373, 143), (134, 100, 299, 222)]"
./coordinate_output/442.png,"[(568, 569, 600, 600), (414, 244, 470, 331)]"
./coordinate_output/527.png,"[(131, 288, 164, 337)]"
./coordinate_output/485.png,"[(117, 188, 435, 499), (284, 65, 383, 129)]"
./coordinate_output/374.png,"[(128, 228, 462, 450)]"
./coordinate_output/480.png,"[(129, 180, 424, 417)]"
./coordinate_output/261.png,"[(334, 236, 424, 315)]"
./coordinate_output/136.png,"[(269, 202, 589, 437), (81, 201, 344, 323), (180, 50, 257, 86)]"
./coordinate_output/35.png,"[(59, 283, 184, 389), (350, 182, 430, 292), (120, 136, 170, 193)]"
./coordinate_output/420.png,"[(230, 226, 579, 462)]"
./coordinate_output/481.png,"[(440, 425, 476, 459), (364, 172, 405, 207), (286, 134, 535, 469)]"
./coordinate_output/471.png,"[(565, 566, 600, 600), (133, 268, 186, 338)]"
./coordinate_output/400.png,"[(261, 269, 357, 355)]"
./coordinate_output/185.png,"[(245, 268, 388, 409)]"
./coordinate_output/470.png,"[(244, 233, 520, 372), (297, 57, 417, 156)]"
./coordinate_output/382.png,"[(72, 269, 138, 318), (57, 156, 293, 281)]"
./coordinate_output/508.png,"[(232, 161, 531, 375)]"
./coordinate_output/263.png,"[(418, 469, 466, 548), (467, 341, 572, 424), (109, 288, 388, 451)]"
./coordinate_output/81.png,"[(186, 412, 228, 465), (73, 284, 144, 315), (284, 194, 425, 348)]"
./coordinate_output/331.png,"[(460, 237, 562, 344)]"
./coordinate_output/180.png,"[(353, 535, 442, 588), (144, 356, 224, 436), (283, 225, 589, 475), (57, 135, 169, 264)]"
./coordinate_output/198.png,"[(495, 287, 574, 338), (197, 215, 446, 442), (489, 64, 520, 95)]"
./coordinate_output/406.png,"[(76, 315, 202, 416), (182, 84, 287, 184)]"
./coordinate_output/203.png,"[(426, 304, 537, 408)]"
./coordinate_output/347.png,"[(306, 263, 415, 337), (495, 231, 576, 358)]"
./coordinate_output/474.png,"[(59, 187, 145, 256), (183, 163, 560, 440)]"
./coordinate_output/391.png,"[(305, 269, 421, 368)]"
./coordinate_output/317.png,"[(498, 357, 578, 406), (106, 283, 154, 313), (238, 171, 498, 422)]"
./coordinate_output/168.png,"[(232, 197, 588, 414), (290, 39, 382, 113)]"
./coordinate_output/464.png,"[(569, 570, 600, 600), (82, 257, 126, 314)]"
./coordinate_output/355.png,"[(186, 394, 332, 502), (226, 157, 571, 358), (218, 35, 312, 99)]"
./coordinate_output/231.png,"[(480, 233, 551, 307)]"
./coordinate_output/506.png,"[(336, 275, 451, 359), (195, 180, 328, 310)]"
./coordinate_output/298.png,"[(212, 300, 329, 412), (479, 253, 570, 344)]"
./coordinate_output/285.png,"[(128, 340, 244, 443), (483, 313, 539, 364), (163, 189, 441, 329)]"
./coordinate_output/118.png,"[(283, 270, 379, 371), (164, 149, 214, 216)]"
./coordinate_output/286.png,"[(106, 96, 552, 407)]"
./coordinate_output/446.png,"[(334, 222, 414, 294)]"
./coordinate_output/148.png,"[(291, 472, 364, 508), (474, 281, 561, 344), (106, 126, 450, 338)]"
./coordinate_output/42.png,"[(554, 323, 588, 382)]"
./coordinate_output/455.png,"[(91, 229, 391, 386)]"
./coordinate_output/98.png,"[(88, 254, 205, 313), (258, 224, 406, 379), (157, 52, 280, 125), (226, 40, 261, 70)]"
./coordinate_output/212.png,"[(48, 269, 122, 348), (217, 100, 536, 476)]"
./coordinate_output/479.png,"[(266, 305, 493, 464), (139, 142, 210, 198), (375, 100, 507, 196)]"
./coordinate_output/465.png,"[(501, 241, 538, 277), (279, 231, 388, 312)]"
./coordinate_output/278.png,"[(0, 0, 600, 600)]"
./coordinate_output/245.png,"[(59, 259, 95, 295)]"
./coordinate_output/451.png,"[(569, 570, 600, 600), (78, 211, 115, 255)]"
./coordinate_output/487.png,"[(277, 221, 469, 384), (98, 170, 256, 407), (344, 104, 430, 176), (238, 85, 305, 123)]"
./coordinate_output/457.png,"[(186, 315, 494, 457)]"
./coordinate_output/509.png,"[(234, 439, 306, 535), (441, 334, 527, 422), (38, 318, 209, 401), (91, 127, 438, 288)]"
./coordinate_output/588.png,"[(0, 0, 600, 600)]"
./coordinate_output/600.png,"[(453, 301, 546, 394)]"
./coordinate_output/74.png,"[(470, 382, 524, 424), (46, 154, 146, 249), (254, 67, 478, 251)]"
./coordinate_output/108.png,"[(358, 218, 573, 371), (147, 154, 295, 281)]"
./coordinate_output/206.png,"[(77, 187, 516, 381)]"
./coordinate_output/240.png,"[(477, 286, 560, 345), (88, 134, 502, 414)]"
./coordinate_output/542.png,"[(167, 250, 383, 459)]"
./coordinate_output/469.png,"[(126, 260, 395, 445), (243, 78, 364, 157)]"
./coordinate_output/580.png,"[(0, 0, 600, 600)]"
./coordinate_output/1.png,"[(50, 190, 573, 487), (219, 43, 313, 105)]"
./coordinate_output/334.png,"[(387, 512, 438, 554), (158, 72, 524, 362)]"
./coordinate_output/257.png,"[(518, 286, 590, 347), (144, 154, 463, 328)]"
./coordinate_output/433.png,"[(73, 303, 171, 410), (387, 218, 501, 344), (107, 127, 280, 261)]"
./coordinate_output/137.png,"[(524, 294, 589, 363), (67, 281, 154, 316), (166, 90, 310, 285)]"
./coordinate_output/29.png,"[(169, 435, 351, 538), (136, 155, 305, 261)]"
./coordinate_output/321.png,"[(0, 0, 600, 600)]"
./coordinate_output/144.png,"[(170, 151, 296, 303)]"
./coordinate_output/436.png,"[(302, 221, 533, 371)]"
./coordinate_output/153.png,"[(259, 545, 321, 593), (363, 510, 451, 571), (319, 250, 557, 387), (72, 117, 296, 327), (425, 112, 491, 146)]"
./coordinate_output/172.png,"[(111, 405, 192, 443), (74, 274, 125, 308), (157, 86, 210, 127)]"
./coordinate_output/150.png,"[(289, 295, 356, 352), (508, 219, 559, 269), (48, 118, 477, 379)]"
./coordinate_output/390.png,"[(347, 372, 394, 403), (522, 226, 589, 287), (146, 72, 259, 182)]"
./coordinate_output/90.png,"[(444, 376, 538, 447)]"
./coordinate_output/530.png,"[(0, 0, 600, 600)]"
./coordinate_output/560.png,"[(343, 364, 461, 496)]"
./coordinate_output/65.png,"[(211, 216, 388, 381)]"
./coordinate_output/499.png,"[(400, 281, 444, 333)]"
./coordinate_output/205.png,"[(477, 488, 511, 526), (170, 184, 381, 476), (158, 77, 234, 151)]"
./coordinate_output/516.png,"[(0, 0, 600, 600)]"
./coordinate_output/127.png,"[(63, 344, 141, 407), (277, 215, 590, 405), (183, 176, 286, 268)]"
./coordinate_output/570.png,"[(134, 243, 178, 287)]"
./coordinate_output/208.png,"[(62, 59, 582, 364)]"
./coordinate_output/462.png,"[(566, 567, 600, 600), (415, 255, 469, 315)]"
./coordinate_output/429.png,"[(241, 158, 465, 474)]"
./coordinate_output/165.png,"[(257, 266, 376, 387)]"
./coordinate_output/550.png,"[(0, 0, 600, 600)]"
./coordinate_output/77.png,"[(260, 259, 430, 387)]"
./coordinate_output/387.png,"[(295, 230, 401, 320), (186, 134, 231, 194)]"
./coordinate_output/513.png,"[(427, 266, 461, 308)]"
./coordinate_output/328.png,"[(418, 308, 588, 442), (195, 211, 363, 427)]"
./coordinate_output/505.png,"[(341, 174, 543, 356), (115, 165, 283, 281)]"
./coordinate_output/232.png,"[(271, 127, 340, 169), (99, 118, 181, 185), (388, 79, 456, 118)]"
./coordinate_output/14.png,"[(204, 297, 260, 338), (480, 270, 541, 338)]"
./coordinate_output/24.png,"[(285, 302, 317, 340), (36, 248, 171, 366), (131, 106, 575, 415)]"
./coordinate_output/271.png,"[(235, 204, 359, 399)]"
./coordinate_output/323.png,"[(127, 451, 187, 503), (277, 424, 471, 532), (470, 284, 569, 424), (101, 256, 378, 385), (382, 95, 445, 150)]"
./coordinate_output/319.png,"[(510, 306, 589, 409), (330, 247, 437, 318)]"
./coordinate_output/124.png,"[(161, 287, 589, 432), (231, 226, 385, 302), (115, 137, 160, 193), (166, 133, 220, 183)]"
./coordinate_output/556.png,"[(0, 0, 600, 600)]"
./coordinate_output/500.png,"[(202, 387, 270, 461), (58, 248, 153, 287), (432, 224, 595, 356), (232, 181, 340, 248)]"
./coordinate_output/251.png,"[(0, 0, 600, 600)]"
./coordinate_output/145.png,"[(298, 423, 407, 498), (163, 356, 259, 436), (323, 287, 424, 385), (481, 205, 589, 384), (336, 110, 430, 164), (92, 73, 294, 261)]"
./coordinate_output/416.png,"[(432, 415, 525, 492), (278, 336, 376, 375), (76, 255, 160, 321), (320, 179, 509, 317)]"
./coordinate_output/169.png,"[(138, 184, 361, 465)]"
./coordinate_output/379.png,"[(87, 253, 117, 309)]"
./coordinate_output/152.png,"[(147, 190, 505, 490)]"
./coordinate_output/566.png,"[(0, 0, 600, 600)]"
./coordinate_output/303.png,"[(200, 371, 581, 538), (34, 174, 271, 368)]"
./coordinate_output/92.png,"[(228, 258, 388, 378)]"
./coordinate_output/210.png,"[(501, 283, 561, 340), (220, 255, 394, 405)]"
./coordinate_output/596.png,"[(133, 465, 273, 547), (320, 272, 403, 341), (161, 162, 290, 361), (387, 153, 503, 269)]"
./coordinate_output/312.png,"[(206, 198, 532, 399), (420, 88, 500, 149)]"
./coordinate_output/28.png,"[(159, 347, 323, 496), (72, 172, 151, 251)]"
./coordinate_output/441.png,"[(425, 280, 472, 346)]"
./coordinate_output/341.png,"[(36, 125, 246, 410)]"
./coordinate_output/376.png,"[(0, 0, 600, 600)]"
./coordinate_output/346.png,"[(98, 198, 329, 349)]"
./coordinate_output/381.png,"[(414, 518, 444, 560), (243, 422, 357, 508), (490, 383, 534, 430), (462, 249, 560, 351), (167, 165, 283, 280)]"
./coordinate_output/6.png,"[(255, 355, 312, 390), (243, 263, 275, 325), (269, 262, 389, 357), (150, 243, 184, 274)]"
./coordinate_output/82.png,"[(468, 387, 575, 491), (71, 251, 131, 295), (353, 210, 588, 370)]"
./coordinate_output/595.png,"[(141, 450, 283, 547), (82, 291, 154, 345), (405, 133, 546, 401), (163, 78, 259, 246)]"
./coordinate_output/504.png,"[(418, 289, 512, 378)]"
./coordinate_output/586.png,"[(493, 292, 524, 328)]"
./coordinate_output/253.png,"[(73, 271, 184, 341), (284, 190, 571, 430)]"
./coordinate_output/226.png,"[(476, 252, 566, 317), (194, 181, 279, 260)]"
./coordinate_output/332.png,"[(0, 0, 600, 600)]"
./coordinate_output/104.png,"[(173, 406, 251, 498), (264, 343, 395, 398), (447, 320, 559, 403), (172, 72, 249, 120)]"
./coordinate_output/468.png,"[(199, 223, 367, 358)]"
./coordinate_output/496.png,"[(312, 158, 476, 316), (203, 90, 286, 151)]"
./coordinate_output/197.png,"[(230, 221, 433, 429)]"
./coordinate_output/188.png,"[(356, 371, 559, 498), (71, 130, 445, 263)]"
./coordinate_output/503.png,"[(147, 294, 185, 342)]"
./coordinate_output/364.png,"[(88, 304, 151, 347), (236, 229, 581, 392)]"
./coordinate_output/367.png,"[(241, 282, 301, 344), (473, 226, 527, 272)]"
./coordinate_output/579.png,"[(389, 263, 424, 294)]"
./coordinate_output/310.png,"[(405, 283, 571, 433)]"
./coordinate_output/512.png,"[(248, 513, 306, 547), (524, 222, 592, 267), (96, 134, 248, 344)]"
./coordinate_output/330.png,"[(451, 192, 558, 325)]"
./coordinate_output/60.png,"[(260, 287, 370, 372), (474, 256, 590, 352), (62, 169, 148, 250)]"
./coordinate_output/265.png,"[(72, 241, 127, 306), (258, 136, 429, 294)]"
./coordinate_output/262.png,"[(38, 284, 141, 374)]"
./coordinate_output/38.png,"[(55, 342, 149, 405), (192, 270, 478, 584)]"
./coordinate_output/573.png,"[(0, 0, 600, 600)]"
./coordinate_output/313.png,"[(90, 257, 132, 324)]"
./coordinate_output/583.png,"[(179, 285, 232, 366)]"
./coordinate_output/498.png,"[(138, 94, 414, 331)]"
./coordinate_output/484.png,"[(50, 251, 171, 383), (313, 138, 534, 400)]"
./coordinate_output/307.png,"[(441, 379, 568, 498), (245, 229, 471, 415), (155, 56, 260, 137)]"
./coordinate_output/287.png,"[(188, 273, 264, 340), (286, 226, 536, 436)]"
./coordinate_output/438.png,"[(66, 284, 146, 341)]"
./coordinate_output/598.png,"[(157, 465, 252, 538), (436, 390, 538, 472), (463, 273, 562, 337), (185, 181, 296, 274)]"
./coordinate_output/157.png,"[(72, 245, 254, 361), (287, 159, 549, 381)]"
./coordinate_output/109.png,"[(118, 365, 234, 472), (154, 124, 494, 376)]"
./coordinate_output/383.png,"[(203, 263, 468, 464)]"
./coordinate_output/91.png,"[(393, 383, 541, 509), (480, 294, 568, 349), (172, 258, 279, 361)]"
./coordinate_output/394.png,"[(482, 457, 537, 509), (399, 330, 493, 389), (68, 262, 105, 295), (146, 154, 374, 370)]"
./coordinate_output/54.png,"[(0, 0, 600, 600)]"
./coordinate_output/194.png,"[(490, 284, 538, 337), (236, 204, 296, 245)]"
./coordinate_output/107.png,"[(74, 160, 598, 428)]"
./coordinate_output/354.png,"[(265, 401, 359, 470), (366, 261, 517, 429)]"
./coordinate_output/95.png,"[(363, 248, 567, 408)]"
./coordinate_output/254.png,"[(282, 288, 360, 362), (72, 287, 183, 355), (424, 195, 583, 451)]"
./coordinate_output/161.png,"[(214, 158, 586, 454), (270, 118, 336, 179), (139, 89, 190, 119)]"
./coordinate_output/244.png,"[(414, 344, 537, 482), (81, 256, 147, 321), (246, 252, 399, 404)]"
./coordinate_output/49.png,"[(188, 194, 429, 399)]"
./coordinate_output/61.png,"[(461, 243, 556, 300)]"
./coordinate_output/252.png,"[(355, 343, 472, 435), (133, 107, 208, 187)]"
./coordinate_output/345.png,"[(352, 379, 404, 468), (239, 350, 302, 468), (80, 275, 192, 367), (245, 163, 294, 245), (121, 156, 227, 231)]"
./coordinate_output/215.png,"[(74, 291, 123, 336), (177, 124, 393, 380)]"
./coordinate_output/50.png,"[(151, 456, 209, 504), (209, 254, 289, 309), (62, 140, 192, 340)]"
./coordinate_output/56.png,"[(68, 297, 168, 393), (513, 204, 588, 283)]"
./coordinate_output/63.png,"[(238, 255, 380, 408)]"
./coordinate_output/401.png,"[(264, 274, 349, 353)]"
./coordinate_output/258.png,"[(542, 318, 588, 366), (294, 273, 355, 348), (57, 94, 300, 319)]"
./coordinate_output/200.png,"[(98, 232, 151, 276), (168, 157, 499, 503)]"
./coordinate_output/45.png,"[(453, 263, 569, 355)]"
./coordinate_output/170.png,"[(393, 404, 490, 478), (308, 100, 451, 236)]"
./coordinate_output/297.png,"[(254, 496, 366, 574), (211, 389, 276, 450), (55, 303, 122, 365)]"
./coordinate_output/11.png,"[(174, 474, 325, 566), (32, 277, 148, 351), (434, 262, 534, 313), (223, 249, 413, 348)]"
./coordinate_output/283.png,"[(0, 0, 600, 600)]"
./coordinate_output/247.png,"[(233, 171, 456, 370)]"
./coordinate_output/51.png,"[(275, 224, 460, 447), (205, 209, 264, 246)]"
./coordinate_output/443.png,"[(353, 334, 526, 433), (137, 113, 559, 347)]"
./coordinate_output/356.png,"[(94, 328, 217, 446)]"
./coordinate_output/64.png,"[(254, 277, 419, 451)]"
./coordinate_output/326.png,"[(492, 276, 531, 315)]"
./coordinate_output/373.png,"[(295, 368, 370, 406), (83, 261, 126, 333)]"
./coordinate_output/405.png,"[(103, 324, 263, 457)]"
./coordinate_output/510.png,"[(569, 570, 600, 600), (123, 271, 179, 397)]"
./coordinate_output/184.png,"[(280, 278, 357, 323), (437, 272, 565, 391), (144, 168, 292, 305)]"
./coordinate_output/85.png,"[(80, 423, 215, 559), (445, 262, 533, 353)]"
./coordinate_output/564.png,"[(0, 0, 600, 600)]"
./coordinate_output/424.png,"[(448, 262, 569, 323), (32, 144, 499, 509)]"
./coordinate_output/139.png,"[(281, 304, 373, 370)]"
./coordinate_output/123.png,"[(196, 359, 240, 402), (471, 240, 572, 335)]"
./coordinate_output/351.png,"[(373, 432, 424, 468), (146, 302, 366, 489), (473, 252, 556, 321), (94, 129, 434, 268)]"
./coordinate_output/431.png,"[(454, 372, 572, 478), (517, 293, 556, 334), (284, 128, 316, 163)]"
./coordinate_output/582.png,"[(393, 283, 475, 381)]"
./coordinate_output/41.png,"[(480, 285, 594, 527)]"
./coordinate_output/361.png,"[(459, 283, 528, 332), (357, 232, 404, 274), (57, 127, 186, 249)]"
./coordinate_output/301.png,"[(263, 227, 423, 388), (159, 156, 263, 251)]"
./coordinate_output/128.png,"[(409, 268, 589, 413), (338, 133, 392, 181), (164, 31, 257, 95)]"
./coordinate_output/234.png,"[(243, 235, 403, 390), (71, 134, 283, 276)]"
./coordinate_output/422.png,"[(260, 276, 384, 383), (426, 233, 583, 374), (260, 133, 412, 230)]"
./coordinate_output/129.png,"[(71, 179, 380, 390)]"
./coordinate_output/134.png,"[(162, 247, 398, 383), (137, 71, 489, 225)]"
./coordinate_output/515.png,"[(0, 0, 600, 600)]"
./coordinate_output/439.png,"[(484, 276, 562, 335), (332, 168, 446, 224), (181, 163, 317, 258)]"
./coordinate_output/426.png,"[(79, 260, 152, 312), (245, 192, 461, 441), (180, 118, 242, 182)]"
./coordinate_output/561.png,"[(426, 276, 456, 316)]"
./coordinate_output/160.png,"[(381, 386, 421, 459), (201, 355, 258, 389), (498, 239, 589, 308), (344, 152, 376, 184)]"
./coordinate_output/492.png,"[(123, 171, 583, 476)]"
./coordinate_output/314.png,"[(486, 253, 564, 326), (194, 189, 262, 233)]"
./coordinate_output/316.png,"[(475, 283, 550, 320), (131, 271, 242, 382), (261, 164, 387, 278)]"
./coordinate_output/472.png,"[(145, 95, 370, 382)]"
./coordinate_output/43.png,"[(144, 428, 247, 503), (184, 190, 444, 385)]"
./coordinate_output/233.png,"[(231, 304, 439, 421), (228, 224, 280, 302), (120, 66, 235, 147)]"
./coordinate_output/478.png,"[(267, 323, 380, 416), (452, 286, 491, 346)]"
./coordinate_output/155.png,"[(375, 331, 559, 398), (420, 253, 557, 326), (259, 187, 289, 224)]"
./coordinate_output/183.png,"[(473, 258, 567, 347)]"
./coordinate_output/100.png,"[(232, 260, 562, 446)]"
./coordinate_output/213.png,"[(274, 366, 428, 507), (494, 282, 560, 336), (43, 146, 372, 343), (181, 43, 299, 105)]"
./coordinate_output/370.png,"[(168, 468, 217, 508), (279, 369, 449, 506), (126, 329, 222, 451)]"
./coordinate_output/581.png,"[(0, 0, 600, 600)]"
./coordinate_output/149.png,"[(366, 354, 498, 447), (314, 266, 384, 317), (414, 246, 491, 292)]"
./coordinate_output/2.png,"[(246, 97, 519, 373)]"
./coordinate_output/490.png,"[(433, 270, 494, 316)]"
./coordinate_output/371.png,"[(476, 264, 563, 397), (170, 156, 300, 262)]"
./coordinate_output/21.png,"[(0, 0, 600, 600)]"
./coordinate_output/115.png,"[(252, 257, 465, 372)]"
./coordinate_output/101.png,"[(101, 326, 299, 469), (180, 48, 253, 106)]"
./coordinate_output/166.png,"[(468, 250, 521, 307)]"
./coordinate_output/246.png,"[(533, 272, 566, 346), (482, 258, 533, 353)]"
./coordinate_output/320.png,"[(40, 249, 127, 322), (134, 84, 564, 512)]"
./coordinate_output/67.png,"[(258, 264, 541, 447)]"
./coordinate_output/291.png,"[(87, 347, 129, 381)]"
./coordinate_output/437.png,"[(416, 416, 498, 494), (158, 311, 255, 383), (117, 112, 227, 195)]"
./coordinate_output/344.png,"[(314, 294, 362, 394), (429, 260, 548, 428)]"
./coordinate_output/299.png,"[(84, 283, 223, 361), (299, 229, 490, 348)]"
./coordinate_output/521.png,"[(465, 333, 506, 373)]"
./coordinate_output/59.png,"[(124, 228, 159, 279), (270, 203, 434, 366)]"
./coordinate_output/402.png,"[(0, 0, 600, 600)]"
./coordinate_output/533.png,"[(568, 568, 600, 600), (441, 263, 529, 349)]"
./coordinate_output/537.png,"[(396, 306, 482, 437)]"
./coordinate_output/120.png,"[(274, 276, 352, 354)]"
./coordinate_output/399.png,"[(86, 222, 136, 300)]"
./coordinate_output/105.png,"[(445, 315, 559, 467), (156, 221, 244, 285)]"
./coordinate_output/315.png,"[(68, 220, 123, 298)]"
./coordinate_output/221.png,"[(291, 218, 590, 381), (222, 111, 314, 189)]"
./coordinate_output/248.png,"[(99, 170, 463, 380)]"
./coordinate_output/386.png,"[(180, 226, 292, 334)]"
./coordinate_output/260.png,"[(208, 110, 503, 371)]"
./coordinate_output/179.png,"[(83, 189, 438, 375)]"
./coordinate_output/186.png,"[(324, 157, 582, 405), (177, 124, 284, 225)]"
./coordinate_output/329.png,"[(180, 399, 292, 487), (412, 364, 540, 443), (229, 316, 327, 376), (61, 166, 298, 284)]"
./coordinate_output/220.png,"[(274, 463, 392, 574), (148, 334, 297, 478), (346, 273, 590, 384), (414, 95, 516, 189)]"
./coordinate_output/141.png,"[(98, 170, 561, 399)]"
./coordinate_output/57.png,"[(178, 315, 558, 491), (184, 81, 360, 167)]"
./coordinate_output/264.png,"[(270, 341, 319, 376), (457, 198, 559, 281)]"
./coordinate_output/396.png,"[(106, 421, 186, 492), (331, 357, 371, 396)]"
./coordinate_output/357.png,"[(82, 218, 134, 312)]"
./coordinate_output/594.png,"[(0, 0, 600, 600)]"
./coordinate_output/497.png,"[(219, 180, 531, 396)]"
./coordinate_output/372.png,"[(347, 329, 478, 416), (31, 283, 122, 391), (118, 152, 311, 254)]"
./coordinate_output/182.png,"[(326, 96, 492, 247), (222, 44, 301, 89)]"
./coordinate_output/380.png,"[(0, 0, 600, 600)]"
./coordinate_output/324.png,"[(48, 158, 199, 349)]"
./coordinate_output/575.png,"[(0, 0, 600, 600)]"
./coordinate_output/495.png,"[(566, 568, 600, 600)]"
./coordinate_output/250.png,"[(470, 258, 503, 292)]"
./coordinate_output/10.png,"[(469, 237, 590, 375), (132, 161, 430, 374)]"
./coordinate_output/554.png,"[(407, 257, 466, 319)]"
./coordinate_output/571.png,"[(0, 0, 600, 600)]"
./coordinate_output/177.png,"[(317, 287, 357, 334)]"
./coordinate_output/33.png,"[(151, 267, 345, 381)]"
./coordinate_output/333.png,"[(73, 252, 115, 310)]"
./coordinate_output/269.png,"[(476, 253, 574, 340), (348, 185, 421, 320)]"
./coordinate_output/216.png,"[(506, 325, 587, 402), (53, 286, 137, 369), (202, 41, 532, 511)]"
./coordinate_output/156.png,"[(59, 203, 143, 315), (197, 196, 287, 261), (130, 118, 169, 158)]"
./coordinate_output/349.png,"[(215, 356, 353, 442), (480, 275, 513, 307), (224, 144, 380, 274)]"
./coordinate_output/475.png,"[(567, 567, 600, 600), (388, 253, 459, 320)]"
./coordinate_output/249.png,"[(192, 224, 280, 303)]"
./coordinate_output/48.png,"[(422, 310, 558, 444), (226, 294, 296, 340)]"
./coordinate_output/592.png,"[(0, 0, 600, 600)]"
./coordinate_output/546.png,"[(0, 0, 600, 600)]"
./coordinate_output/308.png,"[(131, 356, 221, 431), (278, 349, 386, 466), (433, 260, 589, 390), (226, 156, 361, 291), (62, 146, 161, 256)]"
./coordinate_output/389.png,"[(327, 236, 531, 368)]"
./coordinate_output/112.png,"[(475, 348, 515, 395), (202, 195, 432, 482), (362, 64, 465, 147)]"
./coordinate_output/377.png,"[(486, 295, 540, 339), (220, 100, 440, 382)]"
./coordinate_output/288.png,"[(92, 238, 239, 329)]"
./coordinate_output/425.png,"[(200, 255, 540, 453), (144, 175, 270, 284), (316, 172, 402, 240)]"
./coordinate_output/421.png,"[(249, 276, 410, 391)]"
./coordinate_output/375.png,"[(298, 391, 407, 472), (109, 291, 165, 351), (231, 66, 567, 383)]"
./coordinate_output/493.png,"[(188, 377, 256, 431), (516, 228, 563, 276), (50, 81, 471, 329)]"
./coordinate_output/236.png,"[(500, 226, 551, 295), (487, 63, 520, 95)]"
./coordinate_output/365.png,"[(214, 246, 309, 312)]"
./coordinate_output/97.png,"[(343, 240, 589, 419)]"
./coordinate_output/395.png,"[(492, 272, 574, 354), (345, 147, 448, 242)]"
./coordinate_output/524.png,"[(569, 570, 600, 600), (392, 288, 482, 389)]"
./coordinate_output/193.png,"[(471, 189, 578, 280), (193, 134, 357, 361)]"
./coordinate_output/340.png,"[(0, 0, 600, 600)]"
./coordinate_output/78.png,"[(449, 423, 532, 509), (64, 277, 267, 396), (296, 247, 580, 389), (459, 130, 543, 196), (351, 95, 457, 157), (166, 51, 319, 96)]"
./coordinate_output/335.png,"[(256, 227, 520, 433)]"
./coordinate_output/545.png,"[(230, 329, 443, 437), (108, 138, 496, 267)]"
./coordinate_output/121.png,"[(478, 284, 560, 351), (194, 225, 403, 444)]"
./coordinate_output/491.png,"[(568, 569, 600, 600)]"
./coordinate_output/444.png,"[(46, 291, 216, 374), (416, 222, 511, 293)]"
./coordinate_output/358.png,"[(376, 441, 476, 541), (492, 271, 587, 348)]"
./coordinate_output/338.png,"[(255, 262, 375, 372)]"
./coordinate_output/477.png,"[(566, 568, 600, 600), (157, 328, 220, 416)]"
./coordinate_output/255.png,"[(284, 136, 570, 454)]"
./coordinate_output/502.png,"[(450, 337, 521, 439)]"
./coordinate_output/86.png,"[(300, 233, 444, 370)]"
./coordinate_output/237.png,"[(437, 415, 468, 462), (161, 268, 533, 506)]"
./coordinate_output/72.png,"[(430, 186, 568, 402)]"
./coordinate_output/192.png,"[(82, 326, 181, 399), (187, 172, 290, 256), (328, 133, 398, 193)]"
./coordinate_output/350.png,"[(322, 226, 490, 375)]"
./coordinate_output/4.png,"[(201, 171, 418, 465)]"
./coordinate_output/568.png,"[(0, 0, 600, 600)]"
./coordinate_output/32.png,"[(287, 286, 341, 339)]"
./coordinate_output/279.png,"[(0, 0, 600, 600)]"
./coordinate_output/290.png,"[(248, 293, 367, 406)]"
./coordinate_output/68.png,"[(90, 313, 155, 372), (158, 36, 263, 93)]"
./coordinate_output/89.png,"[(60, 313, 91, 346), (205, 251, 415, 396)]"
./coordinate_output/407.png,"[(480, 312, 584, 412), (102, 148, 392, 449)]"
./coordinate_output/348.png,"[(83, 262, 122, 301)]"
./coordinate_output/281.png,"[(63, 252, 108, 308)]"
./coordinate_output/541.png,"[(152, 237, 199, 285)]"
./coordinate_output/241.png,"[(232, 259, 387, 350), (473, 229, 587, 470), (66, 221, 114, 274)]"
./coordinate_output/417.png,"[(0, 0, 600, 600)]"
./coordinate_output/239.png,"[(80, 105, 468, 344), (112, 62, 330, 192)]"
./coordinate_output/230.png,"[(74, 269, 148, 368), (247, 247, 298, 326)]"
./coordinate_output/117.png,"[(462, 278, 534, 334), (264, 262, 369, 372), (124, 231, 230, 346)]"
./coordinate_output/190.png,"[(506, 309, 588, 344), (133, 268, 431, 529)]"
./coordinate_output/322.png,"[(490, 258, 528, 303)]"
./coordinate_output/342.png,"[(386, 165, 551, 406)]"
./coordinate_output/418.png,"[(98, 304, 161, 354), (273, 277, 480, 410), (523, 223, 588, 287)]"
./coordinate_output/574.png,"[(0, 0, 600, 600)]"
./coordinate_output/26.png,"[(415, 154, 590, 434), (217, 97, 397, 221)]"
./coordinate_output/142.png,"[(483, 470, 530, 501), (189, 196, 290, 274), (295, 143, 535, 472)]"
./coordinate_output/523.png,"[(92, 253, 137, 298)]"
./coordinate_output/353.png,"[(30, 362, 132, 458), (118, 143, 579, 408), (174, 42, 284, 121)]"
./coordinate_output/276.png,"[(0, 0, 600, 600)]"
./coordinate_output/309.png,"[(199, 197, 271, 246), (311, 124, 557, 354)]"
./coordinate_output/557.png,"[(0, 0, 600, 600)]"
./coordinate_output/131.png,"[(281, 282, 376, 352), (482, 245, 526, 291)]"
./coordinate_output/467.png,"[(569, 570, 600, 600), (407, 254, 463, 324)]"
./coordinate_output/587.png,"[(153, 266, 214, 367)]"
./coordinate_output/410.png,"[(115, 156, 383, 387)]"
./coordinate_output/191.png,"[(294, 398, 346, 434), (464, 367, 557, 462), (197, 151, 471, 293)]"
./coordinate_output/34.png,"[(64, 310, 195, 382), (213, 203, 502, 412)]"
./coordinate_output/295.png,"[(460, 252, 496, 307)]"
./coordinate_output/106.png,"[(376, 329, 587, 478), (345, 326, 419, 423), (65, 164, 159, 276), (212, 126, 362, 218)]"
./coordinate_output/75.png,"[(126, 303, 354, 568), (423, 293, 541, 444), (281, 183, 358, 234)]"
./coordinate_output/456.png,"[(0, 0, 600, 600)]"
./coordinate_output/55.png,"[(293, 371, 326, 464), (346, 292, 589, 495), (353, 109, 457, 190)]"
./coordinate_output/507.png,"[(482, 473, 528, 524), (249, 224, 334, 325), (442, 222, 572, 352), (333, 125, 434, 215), (155, 97, 223, 136)]"
./coordinate_output/476.png,"[(162, 319, 206, 358), (160, 295, 203, 329)]"
./coordinate_output/70.png,"[(348, 357, 411, 412), (173, 68, 257, 120)]"
./coordinate_output/514.png,"[(326, 286, 452, 410)]"
./coordinate_output/73.png,"[(465, 369, 570, 443), (158, 323, 247, 400), (71, 312, 103, 371), (335, 141, 505, 253), (163, 92, 325, 267), (261, 53, 323, 87)]"
./coordinate_output/268.png,"[(442, 366, 540, 412), (61, 248, 152, 334)]"
./coordinate_output/440.png,"[(305, 326, 435, 450)]"
./coordinate_output/327.png,"[(489, 317, 527, 369)]"
./coordinate_output/52.png,"[(183, 167, 403, 398)]"
./coordinate_output/525.png,"[(412, 329, 459, 395)]"
./coordinate_output/154.png,"[(208, 252, 435, 344), (153, 136, 260, 235)]"
./coordinate_output/125.png,"[(242, 278, 282, 341), (280, 272, 327, 356)]"
./coordinate_output/339.png,"[(420, 311, 508, 376), (497, 247, 584, 318), (266, 217, 359, 304), (265, 107, 338, 186)]"
./coordinate_output/393.png,"[(341, 349, 418, 403), (80, 272, 144, 311), (437, 239, 583, 401), (105, 35, 341, 273)]"
./coordinate_output/15.png,"[(480, 287, 546, 348), (180, 175, 273, 246)]"
./coordinate_output/501.png,"[(486, 333, 548, 390)]"
./coordinate_output/318.png,"[(472, 255, 561, 334)]"
./coordinate_output/178.png,"[(224, 233, 361, 365)]"
./coordinate_output/36.png,"[(478, 275, 516, 308)]"
./coordinate_output/363.png,"[(480, 236, 561, 329)]"
./coordinate_output/282.png,"[(279, 388, 349, 458), (405, 302, 542, 427), (263, 136, 461, 256)]"
./coordinate_output/305.png,"[(70, 239, 117, 324)]"
./coordinate_output/528.png,"[(290, 343, 426, 472)]"
./coordinate_output/243.png,"[(286, 268, 584, 447)]"
./coordinate_output/518.png,"[(110, 374, 402, 475), (470, 287, 571, 402), (336, 216, 481, 304), (60, 105, 254, 250), (270, 62, 514, 217)]"
./coordinate_output/551.png,"[(141, 252, 179, 289)]"
./coordinate_output/292.png,"[(80, 283, 145, 332), (133, 100, 590, 442)]"
./coordinate_output/569.png,"[(400, 262, 438, 311)]"
./coordinate_output/211.png,"[(276, 313, 417, 431), (67, 286, 123, 336), (257, 102, 402, 225)]"
./coordinate_output/79.png,"[(0, 0, 600, 600)]"
./coordinate_output/273.png,"[(294, 322, 379, 434), (72, 281, 147, 321), (117, 155, 295, 263)]"
./coordinate_output/181.png,"[(55, 276, 95, 311), (334, 251, 549, 451), (184, 187, 286, 258)]"
./coordinate_output/388.png,"[(342, 232, 590, 410), (225, 181, 330, 343)]"
./coordinate_output/159.png,"[(471, 223, 583, 417), (161, 149, 298, 280)]"
./coordinate_output/430.png,"[(512, 384, 542, 423), (159, 266, 436, 511)]"
./coordinate_output/359.png,"[(62, 258, 147, 344)]"
./coordinate_output/289.png,"[(105, 159, 281, 257), (394, 111, 559, 411)]"
./coordinate_output/274.png,"[(446, 308, 546, 381), (137, 187, 251, 249), (351, 185, 515, 298)]"
./coordinate_output/552.png,"[(0, 0, 600, 600)]"
./coordinate_output/17.png,"[(65, 269, 190, 358), (198, 247, 360, 395)]"
./coordinate_output/284.png,"[(97, 242, 132, 296)]"
./coordinate_output/482.png,"[(164, 355, 313, 475), (472, 264, 563, 347), (212, 182, 354, 315)]"
./coordinate_output/408.png,"[(320, 199, 589, 427)]"
./coordinate_output/12.png,"[(155, 202, 529, 466)]"
./coordinate_output/275.png,"[(147, 105, 527, 282)]"
./coordinate_output/452.png,"[(386, 503, 461, 547), (248, 440, 357, 530), (445, 106, 531, 200), (180, 99, 279, 179)]"
./coordinate_output/256.png,"[(473, 276, 554, 341)]"
./coordinate_output/209.png,"[(133, 386, 244, 472), (253, 190, 570, 370)]"
./coordinate_output/565.png,"[(0, 0, 600, 600)]"
./coordinate_output/195.png,"[(246, 427, 359, 520), (127, 354, 232, 451), (320, 266, 409, 339), (188, 171, 301, 255)]"
./coordinate_output/463.png,"[(0, 0, 600, 600)]"
./coordinate_output/189.png,"[(499, 286, 580, 345), (41, 245, 470, 425), (216, 214, 271, 245)]"
./coordinate_output/116.png,"[(80, 247, 156, 310)]"
./coordinate_output/578.png,"[(0, 0, 600, 600)]"
./coordinate_output/589.png,"[(146, 277, 191, 316)]"
./coordinate_output/110.png,"[(396, 278, 545, 448), (173, 257, 366, 437), (161, 32, 263, 119)]"
./coordinate_output/532.png,"[(568, 569, 600, 600), (144, 265, 185, 325)]"
./coordinate_output/419.png,"[(400, 257, 572, 415), (173, 104, 239, 160)]"
./coordinate_output/423.png,"[(184, 77, 464, 472), (120, 42, 297, 153)]"
./coordinate_output/494.png,"[(474, 307, 534, 377)]"
./coordinate_output/460.png,"[(0, 0, 600, 600)]"
./coordinate_output/378.png,"[(110, 422, 152, 466), (296, 303, 363, 348), (45, 282, 124, 340)]"
./coordinate_output/531.png,"[(567, 568, 600, 600), (440, 280, 489, 331)]"
./coordinate_output/360.png,"[(94, 171, 404, 462)]"
./coordinate_output/207.png,"[(174, 541, 252, 589), (82, 344, 146, 402), (523, 313, 589, 359), (58, 133, 343, 326)]"
./coordinate_output/173.png,"[(246, 259, 393, 343), (465, 248, 505, 299)]"
./coordinate_output/47.png,"[(288, 255, 389, 353)]"
./coordinate_output/567.png,"[(431, 273, 473, 316)]"
./coordinate_output/534.png,"[(133, 359, 178, 403), (402, 274, 498, 325)]"
./coordinate_output/397.png,"[(54, 276, 148, 349), (413, 222, 590, 359), (226, 157, 331, 296)]"
./coordinate_output/272.png,"[(272, 298, 303, 344)]"
./coordinate_output/8.png,"[(158, 200, 563, 422)]"
./coordinate_output/229.png,"[(72, 282, 151, 339), (462, 238, 590, 359), (196, 232, 277, 326)]"
./coordinate_output/133.png,"[(258, 486, 288, 518), (322, 273, 541, 393), (171, 98, 234, 134), (309, 65, 476, 267)]"
./coordinate_output/31.png,"[(159, 144, 410, 289)]"
./coordinate_output/280.png,"[(0, 0, 600, 600)]"
./coordinate_output/135.png,"[(232, 274, 412, 392), (404, 108, 560, 371)]"
./coordinate_output/62.png,"[(241, 283, 343, 345), (143, 30, 276, 160)]"
./coordinate_output/7.png,"[(244, 250, 418, 402)]"
./coordinate_output/267.png,"[(480, 246, 589, 359), (50, 200, 82, 234)]"
./coordinate_output/409.png,"[(46, 264, 137, 353), (472, 194, 547, 306)]"
./coordinate_output/392.png,"[(392, 379, 459, 412), (467, 293, 527, 343), (60, 129, 307, 370)]"
./coordinate_output/87.png,"[(411, 259, 537, 405)]"
./coordinate_output/235.png,"[(332, 326, 463, 468), (40, 320, 254, 524), (381, 308, 585, 469), (68, 97, 328, 255)]"
./coordinate_output/454.png,"[(0, 0, 600, 600)]"
./coordinate_output/18.png,"[(270, 284, 391, 380)]"
./coordinate_output/122.png,"[(471, 260, 533, 308), (220, 230, 389, 385)]"
./coordinate_output/40.png,"[(254, 192, 589, 460)]"
./coordinate_output/562.png,"[(0, 0, 600, 600)]"
./coordinate_output/140.png,"[(244, 247, 401, 350), (61, 151, 182, 258)]"
./coordinate_output/540.png,"[(396, 235, 426, 265), (354, 216, 405, 274)]"
./coordinate_output/520.png,"[(0, 0, 600, 600)]"
./coordinate_output/187.png,"[(258, 540, 338, 593), (30, 345, 159, 475), (292, 268, 369, 340), (510, 236, 588, 310), (122, 56, 337, 276)]"
./coordinate_output/176.png,"[(113, 319, 270, 456), (189, 126, 313, 216)]"
./coordinate_output/473.png,"[(449, 271, 528, 337), (213, 228, 381, 345), (84, 220, 176, 279)]"
./coordinate_output/9.png,"[(247, 294, 340, 385), (427, 213, 553, 344), (137, 147, 193, 181)]"
./coordinate_output/88.png,"[(455, 232, 572, 369)]"
./coordinate_output/277.png,"[(484, 259, 516, 293)]"
./coordinate_output/336.png,"[(300, 164, 426, 278)]"
./coordinate_output/447.png,"[(137, 247, 203, 348)]"
./coordinate_output/218.png,"[(152, 147, 396, 396)]"
./coordinate_output/428.png,"[(65, 251, 166, 317), (389, 241, 550, 346), (128, 104, 354, 373)]"
./coordinate_output/103.png,"[(141, 144, 441, 467), (171, 103, 214, 151)]"
./coordinate_output/132.png,"[(53, 231, 133, 317)]"
./coordinate_output/114.png,"[(183, 234, 397, 373), (410, 233, 590, 412), (100, 154, 175, 210)]"
./coordinate_output/366.png,"[(93, 148, 306, 336)]"
./coordinate_output/385.png,"[(396, 363, 459, 403), (373, 224, 417, 256), (423, 137, 585, 328)]"
./coordinate_output/202.png,"[(268, 294, 315, 342)]"
./coordinate_output/227.png,"[(66, 225, 214, 316)]"
./coordinate_output/30.png,"[(415, 186, 453, 235), (130, 110, 335, 383)]"
./coordinate_output/175.png,"[(357, 257, 543, 415), (332, 108, 372, 143)]"
./coordinate_output/164.png,"[(158, 179, 432, 442)]"
./coordinate_output/171.png,"[(273, 286, 400, 415), (278, 75, 320, 116)]"
./coordinate_output/572.png,"[(436, 355, 494, 417)]"
./coordinate_output/549.png,"[(0, 0, 600, 600)]"
./coordinate_output/461.png,"[(568, 569, 600, 600), (125, 327, 192, 405)]"
./coordinate_output/369.png,"[(252, 186, 551, 421)]"
./coordinate_output/458.png,"[(72, 312, 148, 352), (240, 159, 484, 459)]"
./coordinate_output/398.png,"[(241, 214, 390, 365), (403, 177, 516, 231)]"
./coordinate_output/591.png,"[(0, 0, 600, 600)]"
./coordinate_output/483.png,"[(58, 220, 121, 287)]"
./coordinate_output/526.png,"[(569, 570, 600, 600), (426, 272, 483, 338)]"
./coordinate_output/259.png,"[(368, 424, 403, 463), (42, 327, 81, 364), (455, 258, 515, 316), (110, 106, 444, 279)]"
./coordinate_output/219.png,"[(339, 382, 439, 471), (205, 78, 389, 197)]"
./coordinate_output/547.png,"[(0, 0, 600, 600)]"
./coordinate_output/147.png,"[(410, 398, 505, 455), (80, 126, 589, 442)]"
./coordinate_output/53.png,"[(282, 413, 340, 463), (482, 297, 588, 357), (75, 285, 200, 361)]"
./coordinate_output/304.png,"[(484, 275, 578, 346), (112, 204, 387, 410)]"
./coordinate_output/44.png,"[(257, 350, 420, 499), (57, 228, 120, 302), (187, 153, 408, 306)]"
./coordinate_output/585.png,"[(0, 0, 600, 600)]"
./coordinate_output/196.png,"[(306, 177, 493, 344)]"
./coordinate_output/296.png,"[(497, 341, 584, 491), (460, 57, 586, 254)]"
./coordinate_output/242.png,"[(265, 519, 330, 594), (404, 501, 507, 583), (71, 414, 251, 503), (67, 253, 157, 316), (182, 158, 365, 316)]"
./coordinate_output/102.png,"[(230, 184, 453, 455)]"
./coordinate_output/488.png,"[(0, 0, 600, 600)]"
